Address,Convert the Address to ISO 20022-formatted full invoice addresses in XML format ,Document
"608, Mandi Kesar Ganj Ludhiana (Pb).","<Address>
            <Country>IN</Country>
            <AddressLine1>608, Mandi Kesar Ganj</AddressLine1>
            <AddressLine2>Ludhiana</AddressLine2>
            <City>Ludhiana</City>
            <PostalCode>141001</PostalCode>
            <StateProvince>Punjab</StateProvince>
            <District>Ludhiana</District>
            <SubDistrict>Mandi Kesar Ganj</SubDistrict>
        </Address>",MI099
